0001C;Держатели/Автодержатели Пи
0002A;Держатели/Автодержатели Пи
003A;Держатели/Автодержатели Пи
03-H1;Держатели/Автодержатели Пи
03-H3;Держатели/Автодержатели Пи
A85;Держатели/Автодержатели Пи
Adapter 20W AAAA;Головки
Adapter 20W America;Головки
Adapter 20w Europe;Головки
Adapter 20W OR Korea;Головки
Adapter 35W AAAA;Головки
Adapter kzdoo;Головки
Adapter20w AA;Головки
AirPods 2  Premium;Наушники/Bluetooth-AirPods
Airpods 3  OR 1 в 1;Наушники/Bluetooth-AirPods
AirPods 3  Premium;Наушники/Bluetooth-AirPods
AirPods 3 Lux;Наушники/Bluetooth-AirPods
Airpods Bacy 2;Наушники/Bluetooth-AirPods
Airpods Bacy Air 3;Наушники/Bluetooth-AirPods
Airpods Bacy Air pro;Наушники/Bluetooth-AirPods
Airpods Bacy Air pro2;Наушники/Bluetooth-AirPods
AirPods Bacy BTW-02;Наушники/Bluetooth-AirPods
AirPods Bacy BTW-03;Наушники/Bluetooth-AirPods
Airpods Bacy BTW-04;Наушники/Bluetooth-AirPods
Airpods Bacy BTW-05 ANS;Наушники/Bluetooth-AirPods
Airpods BOROFONE BW25;Наушники/Bluetooth-AirPods
AirPods BW35;Наушники/Bluetooth-AirPods
AirPods EW41;Наушники/Bluetooth-AirPods
AirPods HOCO ES39;Наушники/Bluetooth-AirPods
Airpods HOCO EW41;Наушники/Bluetooth-AirPods
AirPods HOCO EW42;Наушники/Bluetooth-AirPods
AirPods HOCO Q2;Наушники/Bluetooth-AirPods
Airpods Lux;Наушники/Bluetooth-AirPods
AirPods Pro Lux;Наушники/Bluetooth-AirPods
AirPods Pro Premium;Наушники/Bluetooth-AirPods
AirPods Pro2 LUX;Наушники/Bluetooth-AirPods
Airpods Pro2 OR 1 в 1;Наушники/Bluetooth-AirPods
Airpods X.O Q2;Наушники/Bluetooth-AirPods
Airpods X.O Q3;Наушники/Bluetooth-AirPods
Airpods X.O Q4;Наушники/Bluetooth-AirPods
Airpods X.O Q5;Наушники/Bluetooth-AirPods
AirPods Чехлы K-Doo CrashGuard;Чехлы
AirPods Чехлы K-Doo Кожа;Чехлы
AUX HOCO E53;AUX Кабели
AUX HOCO UPA19;AUX Кабели
AUX HOCO UPA20;AUX Кабели
AUX HOCO UPA22  ip;AUX Кабели
AUX HOCO UPA22 typec;AUX Кабели
AUX iphone;AUX Кабели
AUX Iphone Audiio;AUX Кабели
AUX MIX;AUX Кабели
AUX type C Audio;AUX Кабели
AUX typec;AUX Кабели
AUX X.O NB R-211A;AUX Кабели
B003;Держатели/Автодержатели Пи
B05;Держатели/Автодержатели Пи
BACY microSD 128GB;Флешки
BACY microSD 16GB;Флешки
BACY microSD 256GB;Флешки
BACY microSD 2GB;Флешки
BACY microSD 32GB;Флешки
BACY microSD 4GB;Флешки
BACY microSD 64GB;Флешки
BACY microSD 8GB;Флешки
BACY USB 128GB;Флешки
BACY USB 16GB;Флешки
BACY USB 2GB;Флешки
BACY USB 32GB;Флешки
BACY USB 4GB;Флешки
BACY USB 64GB;Флешки
BACY USB 8GB;Флешки
Bluetooth Наушник Borofone BE52;Наушники/Bluetooth Наушники
Bluetooth Наушник Borofone BE59;Наушники/Bluetooth Наушники
Bluetooth Наушник Hoco ES53;Наушники/Bluetooth Наушники
Bluetooth Наушник Hoco ES58;Наушники/Bluetooth Наушники
Bluetooth Наушник Hoco ES62;Наушники/Bluetooth Наушники
Bluetooth Наушник TZY MIX;Наушники/Bluetooth Наушники
Bluetooth Наушник TZY T71 Т59 Т11;Наушники/Bluetooth Наушники
Bluetooth Наушник X.O BE-20;Наушники/Bluetooth Наушники
Bluetooth Наушник X.O BE-32 ENC;Наушники/Bluetooth Наушники
Bluetooth Наушник X.O BS-30;Наушники/Bluetooth Наушники
Bluetooth Наушник X.O BS-33;Наушники/Bluetooth Наушники
Bluetooth Наушник ВТ001;Наушники/Bluetooth Наушники
Borofone BA20A iPhone;Зарядки
Borofone BA20A Micro;Зарядки
Borofone BA20A Type-C;Зарядки
borofone w27 Airpods;Наушники/Bluetooth-AirPods
C001;Держатели/Автодержатели Пи
Caution 4C/5C;Батарейки
Caution Батарея Redmi;Батарейки
Caution Батарея Samsung;Батарейки
Caution Батарея Samsung простой;Батарейки
CH-01;Держатели/Автодержатели Пи
CH-04 / CT 18+;Держатели/Автодержатели Пи
CH-05 / CT 18+;Держатели/Автодержатели Пи
CT070 / CTM03;Держатели/Автодержатели Пи
CT070 + CF025;Держатели/Автодержатели Пи
D002;Держатели/Автодержатели Пи
DLS- M102;Держатели/Автодержатели Пи
DLS-M302;Держатели/Автодержатели Пи
F001;Держатели/Автодержатели Пи
G-138;Держатели/Автодержатели Пи
G-168;Держатели/Автодержатели Пи
G-298;Держатели/Автодержатели Пи
HD-020;Держатели/Автодержатели Пи
HD-303;Держатели/Автодержатели Пи
hoco e600;Наушники/Bluetooth-AirPods
HOCO NZ3;Головки
HT-507;Держатели/Автодержатели Пи
HT-730;Держатели/Автодержатели Пи
Hub Type c DH5;Разное
JX-015;Держатели/Автодержатели Пи
K150;Держатели/Автодержатели Пи
K151;Держатели/Автодержатели Пи
LX-02;Держатели/Автодержатели Пи
M1;Держатели/Автодержатели Пи
Marshall Major III-IV;Наушники/Большие
Marshall Minor III;Наушники/Bluetooth Наушники
Marshall Monitor;Наушники/Большие
Marshall Monitor II;Наушники/Большие
ML-201;Держатели/Автодержатели Пи
ML-204;Держатели/Автодержатели Пи
ML-213;Держатели/Автодержатели Пи
OTG Hoco UA5;Разное
OTG Hoco UA9;Разное
OTG Type-C;Разное
OTG USB;Разное
Pencil Ipad;Разное
Pencil Ipad 1-1;Разное
Power Bank BOLT 20 mah;Power Banks
Power Bank BOLT 30 mah;Power Banks
Power Bank Borofone BJ27 BJ17;Power Banks
Power Bank Borofone BJ27A;Power Banks
Power Bank Borofone BJ27B;Power Banks
Power Bank Borofone BJ33;Power Banks
Power Bank Borofone BJ33A;Power Banks
Power Bank Borofone BJ33C;Power Banks
Power Bank Borofone BJ34;Power Banks
Power Bank Borofone BJ35;Power Banks
Power Bank Hoco J100A;Power Banks
Power Bank HOCO J102;Power Banks
Power Bank HOCO J55;Power Banks
Power Bank HOCO J59;Power Banks
Power Bank HOCO J72;Power Banks
Power Bank HOCO J96;Power Banks
Power Bank HOCO Q10;Power Banks
Power Bank MI;Power Banks
Power Bank MI 10000;Power Banks
Power Bank MI 20000;Power Banks
Power Bank MI 30000;Power Banks
Power Bank MI 50000B;Power Banks
Power Bank TZY G516;Power Banks
Power Bank TZY MIX;Power Banks
Power Bank X.O PB-301 10 mah;Power Banks
Power Bank X.O PR-155 10mah 22,5W;Power Banks
Power Bank X.O PR-164 30mah;Power Banks
Power Bank X.O PR-187 10mah 22,5W;Power Banks
Power bank X.O PR-188 20mah 22,5W;Power Banks
Power Bank X.O PR-189 30 mah 22,5W;Power Banks
Power Bank X.O PR-201 30 mah 65W;Power Banks
Power Bank X.O PR-215 15mah 22,5W;Power Banks
Power Bank X.O PR-224 10mah 22,5W;Power Banks
Power bank X.O PR-235 10mah 22,5W;Power Banks
Power Bank X.O PR-238 10mah;Power Banks
Power Bank X.O PR-239 20mah;Power Banks
Power Bank X.O PR-244 5mah Iphone;Power Banks
Power Bank X.O PR-244 5mah Type-C;Power Banks
Power Bank X.O PR-248 10mah;Power Banks
Power Bank X.O PR-249 20mah;Power Banks
Power Bank X.O PR-251 10 mah;Power Banks
Power Bank X.O PR-252 20 mah;Power Banks
Power Bank X.O PR-264 10mah;Power Banks
Power Bank X.O PR-267 20mah 65W;Power Banks
Power bank X.O PR-268 20mah 130W;Power Banks
Power Bank ХО 2,0;Power Banks
Q003;Держатели/Автодержатели Пи
Q16;Держатели/Автодержатели Пи
Q21;Держатели/Автодержатели Пи
Q23;Держатели/Автодержатели Пи
Q24;Держатели/Автодержатели Пи
RT-663;Держатели/Автодержатели Пи
RT-691;Держатели/Автодержатели Пи
S506;Держатели/Автодержатели Пи
SH-3090;Держатели/Автодержатели Пи
USB Hub;Разное
Watch S9;Часы-Браслеты
Watch S9 mini;Часы-Браслеты
X.O C-101 Автоподставка;Держатели/Автодержатели Пи
X.O C-120 Автоподставка;Держатели/Автодержатели Пи
X.O C-155 Автодер-ль;Держатели/Автодержатели Пи
X.O C-77 Автоподставка;Держатели/Автодержатели Пи
X.O CC-32 Автозар Type-C;Зарядки
X.O CC-55 Автозар IPhone;Зарядки
X.O CC-55 Автозар Type-C;Зарядки
X.O CC-59 Автозар Type-C;Зарядки
X.O CC-60 Автозар Type-C;Зарядки
X.O CC-62 Автозар;Зарядки
X.O CE07 35W;Зарядки
X.O CE-31 Type-C;Зарядки
X.O CX-025  Автодер-ль 15W;Держатели/Автодержатели Пи
X.O CX-036 Автодер-ль 15W;Держатели/Автодержатели Пи
X.O EP-29;Наушники
X.O EP-3;Наушники
X.O EP-66;Наушники
X.O EP-72;Наушники
X.O EP-73;Наушники
X.O EP-78;Наушники
X.O L-127 Type-C;Зарядки
X.O L-129  IPhone;Зарядки
X.O L-129  Type-C;Зарядки
X.O L-131 Type-C;Зарядки
X.O L-146 IPhone;Зарядки
X.O L-146 Type-C;Зарядки
X.O L-90B  IPhone;Зарядки
X.O L-90B  Type-C;Зарядки
X.O L-99 Micro;Зарядки
X.O L-99 Type-C;Зарядки
X.O TZ-11 Автозар IPhone;Зарядки
X.O WX-020 15W Беспроводная зар-а;Разное
X.O WX-036 Автодер-ль;Держатели/Автодержатели Пи
YC19-B;Держатели/Автодержатели Пи
ZM013;Держатели/Автодержатели Пи
Авто головка Bacy BC-12;Головки
Авто головка Hoco NZ10;Головки
Авто головка Hoco TZY;Головки
Авто Держатель 58;Держатели
Авто Держатель F68;Держатели
Авто Держатель F82;Держатели
Авто Держатель J-013;Держатели
Авто Держатель JX-003;Держатели
Авто Держатель JX-005;Держатели
Авто Держатель JX-008;Держатели
Авто Держатель JX-013;Держатели
Авто Держатель JX-015;Держатели
Авто Держатель JX-023;Держатели
Авто Держатель JX-024;Держатели
Авто Держатель JX-027;Держатели
Авто Держатель JX-207;Держатели
Авто Держатель S14;Держатели
Авто Держатель Silicone;Держатели
Авто Держатель Wireless;Держатели
Авто заррядка BorofoneBZ21 BS12;Зарядки
Авто заррядка NZ10;Головки
Авто зарядка Bacy BC-012 typec/ip;Зарядки
Авто зарядка TZY/EMY 131;Зарядки
батарея aktive J5;Батарейки
Батарея HUAWEI;Батарейки
Батарея M20;Батарейки
Большой  BOROFONE B023;Наушники/Большие
Большой Наушник Airpods MAX;Наушники/Большие
Большой Наушник Bacy BT08;Наушники/Большие
Большой Наушник Beats Studio3;Наушники/Большие
Большой Наушник BINSHI BS-X6;Наушники/Большие
Большой Наушник BOROFONE B011;Наушники/Большие
Большой Наушник BOROFONE B017;Наушники/Большие
Большой Наушник BOROFONE B018;Наушники/Большие
Большой Наушник BOROFONE B019;Наушники/Большие
Большой Наушник BOROFONE B05;Наушники/Большие
Большой Наушник BOROFONE BO20;Наушники/Большие
Большой Наушник BOROFONE BO22;Наушники/Большие
Большой Наушник BOROFONE BO26;Наушники/Большие
Большой Наушник BOROFONE BO27;Наушники/Большие
Большой Наушник Borofone BO4;Наушники/Большие
Большой Наушник hoco W35 Air;Наушники/Большие
Большой Наушник hoco W35 Air Max;Наушники/Большие
Большой Наушник HOCO W46;Наушники/Большие
Большой Наушник Marshall Major3-4;Наушники/Большие
Большой Наушник Marshall Manitor;Наушники/Большие
Большой наушник Oveleng FF91;Наушники/Большие
Большой Наушник Ovleng MX666 V8-1;Наушники/Большие
Большой Наушник Sony;Наушники/Большие
Большой Наушник TZY T53;Наушники/Большие
Большой Наушник X.O BE-25;Наушники/Большие
Большой Наушник X.O BE-42;Наушники/Большие
Большой Наушник X.O BE-43;Наушники/Большие
Большой Наушник НОСО W23;Наушники/Большие
Большой Наушник НОСО W27;Наушники/Большие
Большой Наушник НОСО W28;Наушники/Большие
Большой Наушник НОСО W30;Наушники/Большие
Большой Наушник НОСО W33;Наушники/Большие
Большой Наушник НОСО W39;Наушники/Большие
Большой Наушник НОСО W40;Наушники/Большие
Большой Наушник НОСО W41;Наушники/Большие
Большой Наушник НОСО W42;Наушники/Большие
Большой Наушник НОСО W45;Наушники/Большие
Большой Наушник НОСО W50;Наушники/Большие
Большой Наушник НОСО W51;Наушники/Большие
браслет mband метал;Часы-Браслеты
браслет miband silicone;Часы-Браслеты
браслет miband тряпочный;Часы-Браслеты
Браслеты;Часы-Браслеты
Бритва CF-30 X.O;Разное
Бритва CF-32 X.O;Разное
Бритва для ноздрей CF-34 X.O;Разное
Вешалка;Разное
Гель;Разное
Головка 106А HOCO;Головки
Головка 109А HOCO;Головки
Головка 25W ААА;Головки
Головка 35W IP;Головки
Головка 45W ААА;Головки
Головка Bacy 100W;Головки
Головка Bacy 30W;Головки
Головка Bacy 45W;Головки
Головка Bacy 45W EU;Чехлы
Головка Bacy 65W;Головки
Головка Bacy BC-11;Головки
Головка Bacy BC-12;Головки
Головка Bacy BC-14;Головки
Головка Bacy BF-015;Головки
Головка Borofone B20A;Головки
Головка IP7 Foxconn OR;Головки
Головка Samsung 18W OR;Головки
Головка Samsung 25W OR;Головки
Головка Samsung 3,0А;Головки
Головка Samsung 45W OR;Головки
Головка Samsung 65W;Головки
Головка XiaoMi 120W;Головки
Головка XiaoMi 120W PD 2in1;Головки
Головка XiaoMi 27W;Головки
Головка XiaoMi 33W;Головки
Головка XiaoMi 67W;Головки
Головка Самсунг простой;Головки
Держатель BH7;Держатели
Держатель HP-T1;Держатели
Держатель S059;Держатели
Держатель для ламп;Разное
Держатель для Швейной машины;Держатели/Автодержатели Пи
Динамик 2,0;Динамики
Динамик Hoco BS31;Динамики
Динамик Hoco HC11;Динамики
Динамик Hoco HC12;Динамики
Динамик Hoco HC13;Динамики
Динамик Hoco HC16;Динамики
Динамик Hoco HC3;Динамики
Динамик Marshall Emberton;Динамики
Динамик X.O F-38;Динамики
Динамик X.O F-39;Динамики
Динамик X.O F-41;Динамики
Динамик X.O F-42;Динамики
Динамик X.O F-43;Динамики
Динамик X.O F-51;Динамики
Динамик X.O F-53;Динамики
Динамик X.O F-55;Динамики
Динамик X.O F-57;Динамики
Динамик X.O F-57 Pro;Динамики
Динамик X.O F-58;Динамики
Динамик X.O F-60;Динамики
Динамик X.O F-61;Динамики
Динамик X.O F-62;Динамики
Динамик Носо Н20;Динамики
ДОК Станция CQ1 3в1;Разное
Домашний Держатель;Держатели
Зарядка 2,0;Зарядки
Зарядка BACY BC-03 iphone;Зарядки
Зарядка Bacy BC-03 Micro;Зарядки
Зарядка Bacy BC-03 Type-C;Зарядки
Зарядка Bacy Bc-05 iphone;Зарядки
Зарядка Bacy BC-05 Type-C;Зарядки
Зарядка BACY BC-06 iphone;Зарядки
Зарядка BACY BC-06 micro;Зарядки
Зарядка BACY BF-015 iphone;Зарядки
Зарядка BACY BF-015 Type-C;Зарядки
Зарядка Bacy BF-031 iPhone;Зарядки
Зарядка BACY BF-031 micro;Зарядки
Зарядка Bacy BF-031 Type-C;Зарядки
Зарядка Bacy BF-032 iPhone;Зарядки
Зарядка Bacy BF-032 Micro;Зарядки
Зарядка Bacy BF-032 Type-C;Зарядки
Зарядка Bacy PD25 W IP;Зарядки
Зарядка Bacy PD25 W TYPE-C;Зарядки
Зарядка BFCY BC-06 typec;Зарядки
Зарядка Borofone BA21A Type-C;Зарядки
Зарядка BOROFONE BA47A micro;Зарядки
Зарядка BOROFONE BA47A Type-C;Зарядки
Зарядка iPhone AA;Зарядки
Зарядка iPhone AAA LUX;Зарядки
Зарядка iPhone AAAA PREMIUM;Зарядки
Зарядка iPhone Original;Зарядки
Зарядка Mi Band 2/3/4;Зарядки
Зарядка Mi Band 5/6/7;Зарядки
Зарядка Samsung 25W;Зарядки
Зарядка Samsung 45W;Зарядки
Зарядка Samsung 65W;Зарядки
Зарядка Xiaomi 120W;Зарядки
Зарядка Xiaomi 27W;Зарядки
Зарядка Xiaomi 33W;Зарядки
Зарядка Xiaomi 67W;Зарядки
зарядки на часы mi4/3/2;Зарядки
Заряка Bacy BC-05 micro;Зарядки
Иголки;Разное
Кабель 2,0;Кабеля
Кабель BACY BV-009 iPhone;Кабеля
Кабель BACY BV-009 T-C to Light;Кабеля
Кабель BACY BV-009 T-C to T-C;Кабеля
Кабель BACY BV-009 Type-C;Кабеля
Кабель BACY BV-01 2м  iphone;Кабеля
Кабель Bacy BV-01 2м Tc to IP;Кабеля
Кабель Bacy BV-01 2м Tc to TC;Кабеля
кабель BACY BV-01 2м Type-C;Кабеля
Кабель BACY BV-01 iphone;Кабеля
кабель BACY BV-01 micro;Кабеля
Кабель Bacy BV-01 Tc to IP;Кабеля
Кабель Bacy BV-01 Tc to TC;Кабеля
кабель BACY BV-01 typec;Кабеля
кабель BACY BV-02  TYPE-C на Iphone;Кабеля
Кабель BACY BV-02 iPhone;Кабеля
Кабель BACY BV-02 Micro;Кабеля
кабель BACY BV-02 t of t;Кабеля
Кабель BACY BV-02 Type-C;Кабеля
кабель BACY BV-06 iphone;Кабеля
кабель BACY BV-06 micro;Кабеля
кабель BACY BV-06 t of t;Кабеля
кабель BACY BV-06 typec;Кабеля
кабель BACY BV-06 typec-IP;Кабеля
Кабель BACY BV-07 iphone;Кабеля
кабель BACY BV-07 micro;Кабеля
Кабель BACY BV-07 PD to IP;Кабеля
кабель BACY BV-07 t of t;Кабеля
Кабель BACY BV-07 Typec;Кабеля
Кабель BACY BV-11 iphone;Кабеля
Кабель BACY BV-11 Micro;Кабеля
Кабель BACY BV-11 Type-C;Кабеля
Кабель Bacy в банке ip;Кабеля
Кабель Bacy в банке micro;Кабеля
кабель Bacy в банке type c;Кабеля
кабель BOROFONE BX54 BX51;Кабеля
Кабель Borofone BX63 Micro;Кабеля
Кабель Borofone BX83 iPhone;Кабеля
Кабель Borofone BX83 Micro;Кабеля
Кабель Borofone BX83 TC-PD;Кабеля
Кабель Borofone BX83 TC-TC;Кабеля
Кабель Borofone BX83 Type-c;Кабеля
кабель BX14 2m iphone;Кабеля
кабель BX41 iphone;Кабеля
Кабель Foxconn PD;Кабеля
Кабель Foxconn USB;Кабеля
Кабель HOCO X21 iPhone;Кабеля
Кабель HOCO X21 typec;Кабеля
Кабель HOCO X82 IP to Typec;Кабеля
Кабель Hoco X82 iPhone;Кабеля
Кабель Hoco X82 Micro;Кабеля
Кабель HOCO X82 t of Type-C;Кабеля
Кабель Hoco X82 Type-C;Кабеля
Кабель HOCO X90 iphone;Кабеля
Кабель Hoco X90 Micro;Кабеля
Кабель HOCO X90 T-C - T-C;Кабеля
кабель Hoco X90 Tc to IP;Кабеля
Кабель hoco X90 Type-C;Кабеля
Кабель iPhone 14Pro  PD original;Кабеля
Кабель iPhone 15Pro AA;Кабеля
Кабель iPhone 15Pro AAAA;Кабеля
Кабель iphone 15Pro Original;Кабеля
Кабель iPhone PD original;Кабеля
Кабель iphone USB ориг;Кабеля
Кабель OR S23;Кабеля
Кабель S9 Type c;Кабеля
Кабель TZY 3m iPhone;Кабеля
Кабель TZY 3m Type-C;Кабеля
кабель TZY A90;Кабеля
Кабель TZY TC-A07i;Кабеля
Кабель TZY TC-A07m;Кабеля
Кабель TZY TC-A07t;Кабеля
Кабель X.O NB-Q288 Lightning;Кабеля
Кабель X.O NB-Q288 Type-C;Кабеля
Кабель гель iPhone;Кабеля
Кабель гель Micro;Кабеля
Кабель гель Type-C;Кабеля
Клавиатура Hoco GM17;Разное
Клавиатура Х.О КВ-04;Разное
Клавиатура Х.О КВ-06;Разное
Клавиатура Х.О КВ-08;Разное
Коврик;Разное
Крючки 20см;Разное
Крючки 25см;Разное
Крючки 30см;Разное
Кулер GM10;Разное
Кулер X.O SL-03;Разное
Кулер X.O SL-05;Разное
Кулер X.O SL-06;Разное
Кулер X.O SL-08;Разное
кулер простой;Разное
кусачка электронное;Разное
Лампа  UV;Разное
Лампа 36см;Штативы-Лампы
Лампа RGB 36;Штативы-Лампы
Лампочка USB;Разное
Линза;Стекла/Линзы
Линзы Bacy;Стекла/Линзы
Линзы Bacy Easy Series;Стекла/Линзы
Линзы DeerBee;Стекла/Линзы
Линзы Samos Samsung;Стекла/Линзы
Микрафон SX960;Разное
Микрафон К8;Разное
Модулятор borofone bc 38;Модуляторы
Модулятор BOROFONЕ BC26;Модуляторы
Модулятор BOROFONЕ BC43;Модуляторы
Модулятор BOROFONЕ BC48;Модуляторы
Модулятор Hoco E19;Модуляторы
Модулятор HOCO E51;Модуляторы
Модулятор Hoco E59;Модуляторы
Модулятор Hoco E67;Модуляторы
Модулятор Hoco E70;Модуляторы
Модулятор Hoco E72;Модуляторы
Модулятор X.O BCC-02;Модуляторы
Модулятор X.O BCC-07;Модуляторы
Модулятор X.O BCC-08;Модуляторы
Модулятор X.O BCC-09;Модуляторы
Модулятор X.O BCC-17;Модуляторы
Модулятор X.O BCC-18;Модуляторы
Модулятор XO-BCC;Модуляторы
Мышки Hoco GM14;Разное
Мышки Hoco GM15;Разное
Мышки Х.О М11;Разное
Мышки Х.О М12;Разное
Мышки Х.О М7;Разное
Мышки Х.О М8;Разное
Мышки Х.О М9;Разное
Набор насадок;Разное
Наклейки на клавутра;Разное
Наушники  простой;Наушники
Наушники 2,0;Наушники
Наушники BACY BE-069;Наушники
Наушники BACY BE-101;Наушники
Наушники BACY BE-201;Наушники
Наушники BACY BE-301;Наушники
Наушники BACY BE-401;Наушники
Наушники BACY BE-501;Наушники
Наушники BACY BE-601;Наушники
Наушники IPhone 16;Наушники
наушники iphone Foxconn;Наушники
Наушники iPhone OR;Наушники
Наушники iPhone Копия;Наушники
Наушники L 3 5 7;Наушники
Наушники Samsung оригинал AKG;Наушники
Наушники TZY E191;Наушники
Наушники TZY TZ-178/378A;Наушники
Номер для машин Lux;Держатели/Автодержатели Пи
Номер для машин Original;Держатели/Автодержатели Пи
Номер для машин Premium;Держатели/Автодержатели Пи
Номер для машин т8;Разное
Обычное стекло;Стекла
Оригинал iphone 11;Батарейки
Оригинал iphone 11pro;Батарейки
Оригинал iphone 11pro Max;Батарейки
Оригинал iphone 12;Батарейки
Оригинал iphone 12 pro;Батарейки
Оригинал iphone 12 pro Max;Батарейки
Оригинал Iphone 7;Батарейки
Оригинал iphone 7+;Батарейки
Оригинал iphone 8;Батарейки
Оригинал iphone 8+;Батарейки
Оригинал iphone X;Батарейки
Оригинал iphone XR;Батарейки
Оригинал iphone XS;Батарейки
Оригинал iphone XS MAX;Батарейки
Переводчик;Разное
Переходник 3в1;Разное
Переходник 4в 1 BOROFONE DH5;Разное
Переходник Euro;Головки
Переходник Euro OR NamKem;Головки
Переходник Euro простой;Головки
Переходник Hoco AC5;AUX Кабели
Переходник Iphone/Type c;AUX Кабели
Переходник KIN;AUX Кабели
Переходник WIWU LT02;Разное
Переходник WiWU ST02;Разное
перчатки для Pubg;Разное
Планшет Чехлы;Чехлы
Планшет Чехлы Slim;Чехлы
Пленки 2А;Стекла/Пленки
Пленки 4А;Стекла/Пленки
Пленки Private;Стекла/Пленки
Пленки Текстура;Стекла/Пленки
Подставка Уневерсальный;Разное
Подставка Уневерсальный для планшета;Держатели
Простой Магнит;Держатели
Пылесос HOCO ZP6;Разное
Пылесос LT-113;Разное
Рюкзак;Разное
Светильник;Разное
Свеча;Разное
Служебный товар;Модуляторы
Спрей;Разное
Стекла 10D;Стекла
Стекла 21D;Стекла
Стекла 5D;Стекла
Стекла Bacas Anti-Static;Стекла
Стекла Bacy;Стекла
Стекла Bacy Antistatic;Стекла
Стекла BACY Private;Стекла
Стекла Pixel;Стекла
Стекла Remax;Стекла
Стекла Remax Private;Стекла
Стекла UV-Full;Стекла
Стекла Васу MITT;Стекла
Стекла на Часы LITO;Стекла
Стекла Черепешки;Стекла
Стекло Privat;Стекла
Стекло Планшет;Стекла
Стилус Hoco GM102;Разное
стилус Hoco GM103;Разное
Стилус метал;Разное
Стулчик Новый;Разное
Стульчики Dekstor Stand;Держатели
Тестер;Разное
Тестер Уневерсальны;Разное
Тригер MIX;Разное
Трипод  Candc DC-500;Штативы-Лампы
Трипод  Candc DC-600;Штативы-Лампы
Трипод  Candc DC-999;Штативы-Лампы
Трипод  NeePho NP-610S;Штативы-Лампы
Трипод  NeePho NP-8810;Штативы-Лампы
Трипод 3520;Штативы-Лампы
Трипод NeePho NP-8830;Штативы-Лампы
Трипод NeePho NP-999;Штативы-Лампы
Трипод NP 9988;Штативы-Лампы
Трипод NP-1388;Штативы-Лампы
Трипод NP-2688;Штативы-Лампы
Трипод NP-3160;Штативы-Лампы
Фен Xiaomi original H501;Разное
Фен для Пленки;Разное
фото бокс;Разное
Х.О L-148  Type-c;Зарядки
Х.О L-64 IPhone;Зарядки
Х.О L-64 Type-C;Зарядки
Часы Apple Watch Ultra 1-1;Часы-Браслеты
Часы HK 9 Mini;Часы-Браслеты
Часы HK 9 PRO;Часы-Браслеты
Часы S9 ULTRA;Часы-Браслеты
Часы X.O H-110;Часы-Браслеты
Часы X.O H-130;Часы-Браслеты
Часы Детские;Часы-Браслеты
Часы Детские 4G;Часы-Браслеты
Часы Детские С80;Часы-Браслеты
Часы Нoco Y12ULTRA;Часы-Браслеты
Чехлы Airpods MIX;Чехлы
Чехлы Airpods Прозрачный;Чехлы
Чехлы Bacy Anti-Shock;Чехлы
Чехлы Bacy Classic Series;Чехлы
Чехлы Bacy Classic Series Newzone;Чехлы
Чехлы Bacy Classic Series Карбон;Чехлы
Чехлы Bacy Classic Полу прозрачный;Чехлы
Чехлы Bacy Classic Прозрачный;Чехлы
Чехлы Bacy Noble Colletion;Чехлы
Чехлы Bacy Noble Colletion 2.0;Чехлы
Чехлы Bacу NobIe CoIIetion прозрачный;Чехлы
Чехлы Caseology;Чехлы
Чехлы Deerbe Ceivlar;Чехлы
Чехлы Deerbe Ceivlar MG;Чехлы
Чехлы Deerbee AirPods;Чехлы
Чехлы Deerbee AirSkin;Чехлы
Чехлы DeerBee Y-Series Magsafe;Чехлы
Чехлы DeerBee Плетеные;Чехлы
Чехлы Dior/Chanel/Gucci стразы;Чехлы
Чехлы DoloD Desigh Карбон;Чехлы
Чехлы Gucci;Чехлы
Чехлы Guess;Чехлы
Чехлы Guess стразы;Чехлы
Чехлы hoco прозрачный;Чехлы
Чехлы Kajsa Carbon;Чехлы
Чехлы Kajsa Mix;Чехлы
Чехлы Kajsa Origami;Чехлы
Чехлы Kajsa Плетенка;Чехлы
Чехлы K-DOO Carbon;Чехлы
Чехлы K-DOO Guardian;Чехлы
Чехлы K-DOO MAG NOBLE;Чехлы
чехлы Leather Case;Чехлы
Чехлы Leather/ Кожа Case;Чехлы
Чехлы lishen case;Чехлы
Чехлы Lucan s Original;Чехлы
Чехлы Mag Safe Silicone;Чехлы
Чехлы MagSafe;Чехлы
Чехлы MagSafe Прозрачный OR;Чехлы
Чехлы Middle;Чехлы
Чехлы Mikwer;Чехлы
Чехлы MIX;Чехлы
Чехлы North case;Чехлы
Чехлы Plast MagSafe;Чехлы
Чехлы Polo кожа;Чехлы
чехлы Santa Barbara BORIS;Чехлы
Чехлы Santa Barbara CYRIL RAVEL;Чехлы
Чехлы Santa Barbara elvis;Чехлы
Чехлы Santa Barbara KNIGHT;Чехлы
Чехлы Santa Barbara NORTON;Чехлы
Чехлы Santa Barbara Playd;Чехлы
Чехлы Silicone MagSafe OR;Чехлы
ЧЕХЛЫ SPACE;Чехлы
Чехлы Spigen прозрачный;Чехлы
Чехлы X-Level Dawn;Чехлы
Чехлы X-Level Кожа;Чехлы
Чехлы Васу CIassic CoIIection Рамки;Чехлы
Чехлы Водяные;Чехлы
Чехлы для воды оригнал;Чехлы
Чехлы для воды простой;Чехлы
Чехлы Карбон MIX;Чехлы
Чехлы Кардхолдер;Чехлы
Чехлы Книжка;Чехлы
Чехлы крокодил Mix;Чехлы
Чехлы Матовый с оправой;Чехлы
Чехлы на Apple woach;Чехлы
Чехлы Перья;Чехлы
Чехлы Планшет;Чехлы
Чехлы Прозрачные 2мм;Чехлы
Чехлы Серебрянные бабочки;Чехлы
Чехлы Цветные Magsafe;Чехлы
Чехлы Цветочки;Чехлы
Чехлы Черные Гелевые;Чехлы
Чехлы Этно;Чехлы
чехол AURORA MIX;Чехлы
Чехол NFC;Чехлы
Штатив Обычный;Штативы-Лампы